Sundance;Terrace;Estates;sd1.jpg
Sunset;Village;at RidgeGate;sd2.jpg
Elk;Estates;at The Greens;sd3.jpg
Wolf;Glen;at Wolf Hollow;sd4.jpg
Marmot;Preserve;at Fox Hollow;sd5.jpg
Willow;Woods;;sd6.jpg
Sandstone;Promenade;;sd7.jpg
Orchard;Prairie;at Pine Acres;sd8.jpg
Aspen;Reserve;;sd1.jpg
Tamarac;Park;;sd2.jpg
Eagle;Meadow;;sd3.jpg
Palomino;Grove;;sd4.jpg
Raccoon;Ranch;;sd6.jpg
Fox;Hollow;;sd5.jpg
Bear;Run;;sd7.jpg
Summit;Creek;;sd8.jpg
Chardonnay;Homestead;at SkyRidge;sd1.jpg
Lake;Acres;;sd2.jpg
Redstone;Ridge;;sd3.jpg
Coyote;Run;;sd4.jpg
Buffalo;Village;;sd8.jpg
Falcon;Greens;;sd5.jpg
Heritage;Heights;;sd8.jpg
